mutation,property_value,round
WT,1,0
A167R/T192V,5.003,1
T192V,2.327,0
T192K,2.637,0
A167R,2.277,0
N72A,2.157,0
D222E,1.843,0
A148Q,1.733,0
D229A,1.73,0
S138A,1.697,0
K61R,1.66,0
S196A,1.527,0
I185V,1.443,0
L84V,1.527,0
E87Q,1.49,0
G50R,1.877,0
L80M,1.447,0
K21R,1.31,0
A148R,1.307,0
S69G,1.3,0
G50N,1.29,0
Q240L,1.277,0
P123A,1.267,0
E237K,1.213,0
K20R,1.19,0
L84I,1.19,0
S213T,1.19,0
D143E,1.153,0
A250D,1.14,0
Q154K,1.1,0
K21A,1.07,0
G2A,0.997,0
F47Y,0.993,0
K22D,0.937,0
E171D,0.897,0
R31N,0.86,0
S43E,0.83,0
F26L,0.823,0
I165L,0.803,0
E128A,0.717,0
G162A,0.603,0
Y93W,0.557,0
K49A,0.55,0
N182T,0.49,0
H116R,0.483,0
Q240E,0.36,0
H68Y,0.253,0
K3H,0.24,0
Q204L,0.223,0
K170G,0.197,0
F247C,0.15,0
H239W,0.137,0
H239L,0.033,0
L220W,0.753,0
A168C,0.297,0
G50E,1.423,0
V216G,0.903,0
A148H,1.297,0
G146I,1.387,0
K49V,0.663,0
R31P,0.237,0
G2P,0.863,0
P123L,0.987,0
E120I,1.033,0
L81C,0.417,0
L66Q,0.34,0
F57N,0.277,0
L35I,1.247,0
V102C,0.513,0
A10P,1.233,0
P123K,1.123,0
T7P,1.133,0
V216D,0.833,0
D143Y,0.74,0
E128P,1.067,0
E65M,0.5,0
R172Y,0.787,0
G25E,1.24,0
L37V,0.23,0
K85M,0.49,0
L141A,0.287,0
A148M,0.923,0
L205F,0.353,0
A167R/T192K,7.267,1
N72A/T192V,4.3,1
N72A/T192K,6.273,1
N72A/A167R,4.723,1
T192V/D222E,3.81,1
T192K/D222E,5.47,1
A167R/D222E,5.91,1
N72A/D222E,5.7,1
A148Q/T192V,2.147,1
A148Q/T192K,3.333,1
A148Q/A167R,3.46,1
N72A/A148Q,3.08,1
A148Q/D222E,3.193,1
T192V/D229A,3.17,1
T192K/D229A,4.523,1
A167R/D229A,4.557,1
N72A/D229A,3.973,1
D222E/D229A,3.023,1
A148Q/D229A,2.32,1
S138A/T192V,3.007,1
S138A/T192K,5.277,1
S138A/A167R,4.847,1
N72A/S138A,4.453,1
S138A/D222E,4.233,1
S138A/D229A,3.477,1
K61R/T192V,2.41,1
K61R/T192K,4.253,1
K61R/A167R,4.153,1
K61R/N72A,3.037,1
K61R/D222E,2.923,1
K61R/A148Q,2.417,1
K61R/D229A,2.873,1
K61R/S138A,3.103,1
T192V/S196A,3.627,1
A167R/S196A,3.24,1
N72A/S196A,2.697,1
S196A/D222E,2.26,1
A148Q/S196A,1.953,1
S196A/D229A,1.85,1
S138A/S196A,2.167,1
K61R/S196A,2.533,1
I185V/T192V,3.023,1
I185V/T192K,4.017,1
A167R/I185V,3.277,1
N72A/I185V,2.313,1
I185V/D222E,2.373,1
A148Q/I185V,2.013,1
I185V/D229A,1.977,1
S138A/I185V,2.453,1
K61R/I185V,2.293,1
I185V/S196A,2.06,1
L84V/T192V,1.963,1
L84V/T192K,3.53,1
L84V/A167R,3.033,1
N72A/L84V,2.573,1
L84V/D222E,2.43,1
L84V/A148Q,1.967,1
L84V/D229A,2.103,1
L84V/S138A,2.417,1
K61R/L84V,2.4,1
L84V/S196A,1.327,1
L84V/I185V,1.487,1
E87Q/T192V,1.8,1
E87Q/T192K,2.397,1
E87Q/A167R,3.04,1
N72A/E87Q,2.43,1
E87Q/D222E,2.597,1
E87Q/A148Q,1.99,1
E87Q/D229A,1.943,1
E87Q/S138A,1.297,1
K61R/E87Q,1.307,1
E87Q/S196A,1.32,1
E87Q/I185V,1.05,1
L84V/E87Q,1.113,1
G50R/T192V,1.913,1
G50R/T192K,2.997,1
G50R/A167R,3.003,1
G50R/N72A,2.48,1
G50R/D222E,1.83,1
G50R/A148Q,1.31,1
G50R/D229A,1.283,1
G50R/S138A,1.483,1
G50R/K61R,1.36,1
G50R/S196A,1.507,1
G50R/I185V,1.483,1
G50R/L84V,1.42,1
G50R/E87Q,1.577,1
L80M/T192V,1.84,1
L80M/T192K,2.83,1
L80M/A167R,2.517,1
N72A/L80M,2.14,1
L80M/D222E,2.127,1
L80M/A148Q,1.797,1
L80M/D229A,1.757,1
L80M/S138A,1.897,1
K61R/L80M,1.237,1
L80M/S196A,1.25,1
L80M/I185V,1.187,1
L80M/L84V,1.237,1
L80M/E87Q,0.827,1
G50R/L80M,1.353,1